Workbook
Name Pass: #REF!

Sheet TestPlan
B2: XXX Project__ Test Plan
B4: Revision History | R4: 4. Schedule
B5: 버전 | D5: 날짜 | F5: 담당자 | H5: 설명 | R5: 단계 | T5: 작업내용 | Z5: 시작일 | AB5: 종료일 | AD5: 담당자
B6: v0.1 | D6: 43999 | F6: ㅌㅌㅌ | H6: 최초작성 | R6: 테스트 준비 | T6: Test Plan 작성 | Z6: 43999 | AE6: ddd
T7: Test Case 작성 | Z7: 43999 | AE7: ddd
R8: 테스트 수행 | T8: 테스트 서버 | AE8: ddd
T9: Debugging Report 작성 | AE9: ddd
B10: 1. Summary | R10: 오픈 | T10: 오픈 모니터링 | AE10: ddd
B11: Project Overview | D11: ACRO 사이트 - 브랜드 페이지 검증
R12: 5. Issue / Report
B13: 2. Test Description | R13: 5.1 결함 관리
B14: 2.1 테스트 항목 | R14: issue Tracking | U14: ACRO_구축_QA_진행현황.xlsx
B15: 프로젝트 | E15: 관련 메뉴(or 단위 시스템) | J15: 세부 내용 | R15: 세부내용(프로젝트)
B16: 대림 ACRO 사이트 구축(Brand) | E16: GNB | J16: UI, 기능 구현 검증
E17: 메인페이지 | J17: UI, 기능 구현 검증 | R17: 5.2 보고 계획
E18: Brand | J18: UI, 기능 구현 검증 | R18: 리포트 종류 | U18: 공유 주기 | W18: 공유 방식 | AB18: 비고
E19: Landmark | J19: UI, 기능 구현 검증 | R19: Test Plan | U19: QA 시작전 | W19: 메일 공유 & 별도 업로드 | AB19: -
E20: Beyond Compare | J20: UI, 기능 구현 검증 | R20: Debugging Report | U20: 필요 시 | W20: 메일 공유 & 별도 업로드 | AB20: -
E21: ACRO Lifestyle | J21: UI, 기능 구현 검증 | R21: Test Result | U21: 필요 시 | W21: 메일 공유 & 별도 업로드 | AB21: -
E22: Team ACRO | J22: 회원별 UI, 기능 구현 검증, 관리자 연동
E23: MY ACRO | J23: 회원별 UI, 기능 구현 검증, 관리자 연동
E24: 로그인 / 비로그인
E25: 회원가입
E26: 검색
B28: 2.2 테스트 제외항목 (Out of Scope)
B31: 3. Test Environment
B32: UI 및 기본기능 테스트
B33: Desktop
B34: Browser | D34: Chrome | E34: IE | F34: Edge | G34: Firefox
B35: 프론트 | D35: O | E35: O | F35: - | G35: -
B36: 어드민 | D36: - | E36: - | F36: - | G36: -
B38: Mobile
B39: OS | D39: iOS | E39: Android
B40: 버전 | D40: - | E40: -
B41: 프론트 | D41: O | E41: O

Sheet Coverage
B2: [SC-SYS-NAS-002] NAS 신규 등록 테스트 커버리지
B4: 1. 설계서 요구사항별 검증 항목
B5: 설계서 No. | C5: 구분 (Category) | D5: 검증 기법 | E5: 테스트 목적 (Test Objective) | F5: 확인 사항 (Checklist) | G5: 기대 결과 (Expected Result) | H5: 커버 TC NO | I5: 케이스 수 | J5: 기획 확인 및 질문 (QA Clarification)
B22: 합계 | H22: — 중복 포함
B25: 2. 예외케이스 (탐색적 테스트)
B26: NO | C26: 구분 | D26: 상황 (Case) | E26: 확인 방법 | F26: 예상되는 리스크 | G26: 기대 동작 | H26: 관련 TC | I26: 우선순위 | J26: QA 질문
B35: 3. 리스크 케이스 우선순위 (NAS 제품 기준)
B36: NAS 등록 기능은 "AI가 NAS 안의 파일을 안전하게 탐색·접근할 수 있는 연결 통로"를 만드는 기능이다. 이 본질을 깨뜨릴 수 있는 항목을 3가지 리스크 유형으로 분류했다. TC 시트의 NO 컬럼이 빨간색으로 표시된 케이스가 리스크 항목이다.
B38: 리스크 유형 | C38: 명칭 | D38: 선정 사유 (왜 NAS 제품에서 핵심인가) | E38: 커버 TC NO | F38: 케이스 수
B42: 합계 | E42: — 중복 포함

Sheet _TC
C2: Count | D2: Progress | F2: _TC | H2: Test URL
B3: Total Case | C3: =COUNTA($I:$P)-11 -> 0 | D3: =100% -> 1
B4: Pass | C4: =COUNTIF($I:$P,B4) -> 0 | D4: =C4/C3 -> #DIV/0! | F4: Pass | G4: 기대 결과와 같음
B5: Fail | C5: =COUNTIF($I:$P,B5) -> 0 | D5: =C5/C3 -> #DIV/0! | F5: Fail | G5: 기대 결과와 다름
B6: N/A | C6: =COUNTIF($I:$P,B6) -> 0 | D6: =C6/C3 -> #DIV/0! | F6: N/A(Not Available) | G6: 선행 기능의 결함,기능 미구현, 테스트 환경 등으로 테스트 진행 불가
B7: N/T | C7: =COUNTIF($I:$P,B7) -> 0 | F7: N/T(Not Test) | G7: 테스트 안함
B9: NO | C9: 대분류 | D9: 중분류 | E9: 소분류 | F9: 테스트 조건 | G9: 실행 순서 | H9: 기대 결과 | I9: Browser | M9: AOS | O9: IOS | Q9: JIRA_NO | R9: Priority | S9: Comment
I10: Chrome | J10: IE11 | K10: Firefox | L10: Mac (Safari) | M10: Samsung browser | N10: Chrome | O10: Safari | P10: Chrome

Sheet TC_Result_Report
B2: TC - Test Status Report
B3: Total TestCase | D3: Pass Rate | F3: Pass | H3: Fail | J3: N/A | L3: N/T
B4: =SUM('_TC'!C3) -> 0 | D4: =IFERROR((F4/B4),0) -> 0 | F4: =SUM('_TC'!C4) -> 0 | H4: =SUM('_TC'!C5) -> 0 | J4: =SUM('_TC'!C6) -> 0 | L4: =SUM('_TC'!C7) -> 0
B5: 테스트 진행 결과 | F5: 결함현황
B24: 디바이스별 테스트 결과
B47: Comment
C145: PC | H145: AOS | J145: IOS
D146: ='_TC'!$I10 -> Chrome | E146: ='_TC'!$J10 -> IE11 | F146: ='_TC'!$K10 -> Firefox | G146: ='_TC'!$L10 -> Mac (Safari) | H146: ='_TC'!$M10 -> Samsung browser | I146: ='_TC'!$N10 -> Chrome | J146: ='_TC'!$O10 -> Safari | K146: ='_TC'!$P10 -> Chrome
C147: pass | D147: =COUNTIF('_TC'!$I:$I,"Pass") -> 0 | E147: =COUNTIF('_TC'!$J:$J,"Pass") -> 0 | F147: =COUNTIF('_TC'!$K:$K,"Pass") -> 0 | G147: =COUNTIF('_TC'!$L:$L,"Pass") -> 0 | H147: =COUNTIF('_TC'!$M:$M,"Pass") -> 0 | I147: =COUNTIF('_TC'!$N:$N,"Pass") -> 0 | J147: =COUNTIF('_TC'!$O:$O,"Pass") -> 0 | K147: =COUNTIF('_TC'!$P:$P,"Pass") -> 0
C148: faill | D148: =COUNTIF('_TC'!$I:$I,"Fail") -> 0 | E148: =COUNTIF('_TC'!$J:$J,"Fail") -> 0 | F148: =COUNTIF('_TC'!$K:$K,"Fail") -> 0 | G148: =COUNTIF('_TC'!$L:$L,"Fail") -> 0 | H148: =COUNTIF('_TC'!$M:$M,"Fail") -> 0 | I148: =COUNTIF('_TC'!$N:$N,"Fail") -> 0 | J148: =COUNTIF('_TC'!$O:$O,"Fail") -> 0 | K148: =COUNTIF('_TC'!$P:$P,"Fail") -> 0
G149: .
C151: Total TestCase | D151: Pass Rate | G151: High | H151: Medium | I151: Low
C152: =IFERROR(((H4+J4+L4)/B4),0) -> 0 | D152: =D4 -> 0 | G152: =COUNTIF('_TC'!$R:$R,"High") -> 0 | H152: =COUNTIF('_TC'!$R:$R,"Medium") -> 0 | I152: =COUNTIF('_TC'!$R:$R,"Low") -> 0
